organisationId,registrationId,userOrgId,userEmail,userFirstName,userLastName,filename
6507f1f77bcf86cd79943911,6507f1f77bcf86cd79943912,2dee1e31-5ac6-4bc4-8fe0-0820f710c2b1,alice.smith@ecorecycle.com,Alice,Smith,alicesmith.xlsx
695533579f1629bbaf096041,69553358f2f4456f18a5c313,0b5fdb3f-9a23-4126-805e-6de86b78c1fa,muhammad.watson99@morefaketesting.co.uk,Muhammad,Watson,muhammadwatson.xlsx
69553358f2f4456f18a5c310,69553358d573cd974fe7c151,1bd25f11-eb34-40f6-86d3-21a5e0fc3bfe,archie.jackson54@defraperftest.com,Archie,Jackson,archiejackson.xlsx
695533589f1629bbaf09604c,69553359d573cd974fe7c155,7b2f6004-7aaa-484c-88f8-d9555a8f355e,freya.thomas6@testingfakeemails.com,Freya,Thomas,freyathomas.xlsx
69553358f2f4456f18a5c321,695533599f1629bbaf09605e,d2d63d2e-2572-4c9a-a5c9-6d24ee9e263b,harry.thompson95@morefaketesting.co.uk,Harry,Thompson,harrythompson.xlsx
6955335b9f1629bbaf096077,6955335b9f1629bbaf09607b,bbfc20ae-06a2-4d6b-9f85-1881327445ad,harry.evans10@defragovtest.com,Harry,Evans,harryevans.xlsx
6955335b9f1629bbaf09607a,6955335b9f1629bbaf09607e,c21b118b-395c-414f-bebb-891a7dcf6564,james.lewis93@defraperftest.com,James ,Lewis,jameslewis.xlsx
69553359d573cd974fe7c15c,695533599f1629bbaf09605b,59f184dd-82a4-44e0-a847-87eb03631d4f,olivia.wilson50@testingfakeemails.com,Olivia ,Wilson,oliviawilson.xlsx
6955335ed573cd974fe7c1aa,6955335ff2f4456f18a5c37e,3bc9aacf-0ae1-46a0-a265-570883929369,freya.smith32@morefaketesting.co.uk,Freya,Smith,freyasmith.xlsx
69553371d573cd974fe7c29c,69553371d573cd974fe7c2a8,f7c724ed-503b-417e-9b4e-ac368abaedd8,noah.roberts31@defraperftest.com,Noah,Roberts,noahroberts.xlsx
6955337cf2f4456f18a5c50c,6955337cd573cd974fe7c346,34b82636-98c8-4082-9806-3d851a0d4236,charlotte.evans19@morefaketesting.co.uk,Charlotte,Evans,charlotteevans.xlsx
695be790c7e472792c63aaee,695be791c7e472792c63aafc,10d993cf-1393-4b6b-a307-7641ab6a5fd9,freya.brown28@testingfakeemails.com,Freya,Brown,freyabrown.xlsx
6955427d59bc16a70b7a3c0d,6955427e59bc16a70b7a3c13,43105395-0c31-41ca-816e-a4d654de8690,leo.wilson3@fakeemail.com,Leo,Wilson,leowilson.xlsx
695e617c98d096acec286075,695e617d179add336d91ca10,fe3d576a-e935-4fa6-a1e1-5fdd280ec11f,olivia.jackson90@fakeemail.com,Olivia,Jackson,oliviajackson.xlsx
695e61a398d096acec2862da,695e61a45391a8848ae6f18e,b8e74e20-05a6-439a-9d21-d730a8e9a4bd,sophia.lewis33@defratesters.co.uk,Sophia,Lewis,sophialewis.xlsx
